/*
SQLyog Community v13.1.6 (64 bit)
MySQL - 5.7.32 : Database - security
*********************************************************************
*/

/*!40101 SET NAMES utf8 */;

/*!40101 SET SQL_MODE=''*/;

/*!40014 SET @OLD_UNIQUE_CHECKS=@@UNIQUE_CHECKS, UNIQUE_CHECKS=0 */;
/*!40014 SET @OLD_FOREIGN_KEY_CHECKS=@@FOREIGN_KEY_CHECKS, FOREIGN_KEY_CHECKS=0 */;
/*!40101 SET @OLD_SQL_MODE=@@SQL_MODE, SQL_MODE='NO_AUTO_VALUE_ON_ZERO' */;
/*!40111 SET @OLD_SQL_NOTES=@@SQL_NOTES, SQL_NOTES=0 */;
CREATE DATABASE /*!32312 IF NOT EXISTS*/`security` /*!40100 DEFAULT CHARACTER SET utf8mb4 */;

USE `security`;

/*Table structure for table `t_permission` */

DROP TABLE IF EXISTS `t_permission`;

CREATE TABLE `t_permission`
(
    `id` int
(
    11
) NOT NULL AUTO_INCREMENT,
    `code` varchar
(
    128
) DEFAULT NULL,
    `description` varchar
(
    128
) DEFAULT NULL,
    `url` varchar
(
    128
) DEFAULT NULL,
    PRIMARY KEY
(`id`
)
    ) ENGINE=InnoDB AUTO_INCREMENT=3 DEFAULT CHARSET =utf8mb4;

/*Data for the table `t_permission` */

insert into `t_permission`(`id`,`code`,`description`,`url`)
values
    (1, 'p1', NULL, NULL),
    (2, 'p2', NULL, NULL);

/*Table structure for table `t_role` */

DROP TABLE IF EXISTS `t_role`;

CREATE TABLE `t_role`
(
    `id` int
(
    11
) NOT NULL AUTO_INCREMENT,
    `name` varchar
(
    64
) DEFAULT NULL,
    PRIMARY KEY
(`id`
)
    ) ENGINE=InnoDB AUTO_INCREMENT=3 DEFAULT CHARSET =utf8mb4;

/*Data for the table `t_role` */

insert into `t_role`(`id`,`name`)
values
    (1, 'admin'),
    (2, 'operator');

/*Table structure for table `t_role_permission` */

DROP TABLE IF EXISTS `t_role_permission`;

CREATE TABLE `t_role_permission`
(
    `id` int
(
    11
) NOT NULL AUTO_INCREMENT,
    `role_id` int
(
    11
) DEFAULT NULL,
    `permission_id` int
(
    11
) DEFAULT NULL,
    PRIMARY KEY
(`id`
)
    ) ENGINE=InnoDB AUTO_INCREMENT=4 DEFAULT CHARSET =utf8mb4;

/*Data for the table `t_role_permission` */

insert into `t_role_permission`(`id`,`role_id`,`permission_id`)
values
    (1, 1, 1),
    (2, 1, 2),
    (3, 2, 1);

/*Table structure for table `t_user` */

DROP TABLE IF EXISTS `t_user`;

CREATE TABLE `t_user`
(
    `id` int
(
    11
) NOT NULL AUTO_INCREMENT COMMENT 'id',
    `username` varchar
(
    64
) DEFAULT NULL COMMENT '用户名',
    `password` varchar
(
    64
) DEFAULT NULL COMMENT '密码',
    `fullname` varchar
(
    64
) DEFAULT NULL,
    `mobile` varchar
(
    64
) DEFAULT NULL,
    PRIMARY KEY
(`id`
)
    ) ENGINE=InnoDB AUTO_INCREMENT=3 DEFAULT CHARSET =utf8mb4;

/*Data for the table `t_user` */

insert into `t_user`(`id`,`username`,`password`,`fullname`,`mobile`)
values
    (1, 'zhangsan', '$2a$10$Yt/rrImIYXwYqpAQNI/vIe/kwcJmx19MjZ5kipF0xsHrBcUGHZNqi', NULL, NULL),
    (2, 'lisi', '$2a$10$ky6GmjkOvV5PR2/O0qMWGuPEv9m7V2pfIPblhkA8NGd/r/qjYXNt.', NULL, NULL);

/*Table structure for table `t_user_role` */

DROP TABLE IF EXISTS `t_user_role`;

CREATE TABLE `t_user_role`
(
    `id` int
(
    11
) NOT NULL AUTO_INCREMENT,
    `user_id` int
(
    11
) DEFAULT NULL,
    `role_id` int
(
    11
) DEFAULT NULL,
    PRIMARY KEY
(`id`
)
    ) ENGINE=InnoDB AUTO_INCREMENT=3 DEFAULT CHARSET =utf8mb4;

/*Data for the table `t_user_role` */

insert into `t_user_role`(`id`,`user_id`,`role_id`)
values
    (1, 1, 1),
    (2, 2, 2);

/*!40101 SET SQL_MODE=@OLD_SQL_MODE */;
/*!40014 SET FOREIGN_KEY_CHECKS=@OLD_FOREIGN_KEY_CHECKS */;
/*!40014 SET UNIQUE_CHECKS=@OLD_UNIQUE_CHECKS */;
/*!40111 SET SQL_NOTES=@OLD_SQL_NOTES */;
